{"cameraMode":{"drawMode":0,"name":"Shaded","section":"Shading Mode"},"sceneLighting":false,"audioPlay":false,"sceneViewState":{"m_AlwaysRefresh":false,"showFog":true,"showSkybox":false,"showFlares":true,"showImageEffects":true,"showParticleSystems":true,"showVisualEffectGraphs":true,"m_FxEnabled":true},"in2DMode":false,"pivot":{"x":11.600396156311036,"y":0.22356276214122773,"z":-0.09710371494293213},"rotation":{"x":-0.1005813330411911,"y":-0.033724211156368259,"z":0.0034100241027772428,"w":-0.9943553805351257},"size":2.1362197399139406,"orthographic":false}