{"cameraMode":{"drawMode":0,"name":"Shaded","section":"Shading Mode"},"sceneLighting":false,"audioPlay":false,"sceneViewState":{"m_AlwaysRefresh":false,"showFog":true,"showSkybox":false,"showFlares":true,"showImageEffects":true,"showParticleSystems":true,"showVisualEffectGraphs":true,"m_FxEnabled":true},"in2DMode":false,"pivot":{"x":0.3217378854751587,"y":1.2018260955810547,"z":5.402592658996582},"rotation":{"x":-0.34312766790390017,"y":0.5357056260108948,"z":-0.25207552313804629,"w":-0.7292096018791199},"size":0.6673064231872559,"orthographic":false}